,,,,,,,,
,,,,,,,,
,,,,,,,,
,,,,,,,,
,,QUERY BENAR,QUERY SALAH,,,,,
,,,,pengurangan,penambahan,pergantian,pertukaran,kata yang benar
,,kolam mancing murah,kloam mancing muraj,,,1,1,1
,,kondisi terkini bromo,kondisi terkini bromao,,1,1,,2
,,Kuliner halal bali,Kulinr halal bali,1,,,,2
,,kuliner malam kodam,kilner malam kodaam,1,1,,,1
,,Destinasi Wisata Terbaru,Desrinasi wisata tebraru,,,1,,1
,,Promo Liburan Indonesia,Pormo linuran indonesia,,,1,,1
,,Event Pariwisata Indonesia,Event pariwisata indonesua,,,1,,2
,,bumi perkemahan pacet,bummi prekemahan pacet,,1,,1,1
,,Wisata murah indonesia,wista muranh indonesia,1,1,,,1
,,Aktivitas layanan di Pulau Komodo,aktivitas layuanan di pulai komodo,,1,,,3
,,Destinasi terpencil di Indonesia,destimasi terpencik di indonesia,,,2,,2
,,Wisata alam Lombok,wisata alma lombok,,,,1,2
,,tradisi unik madura,tarsadisi uni mandua,1,2,,1,0
,,Festival Seni Ubud,festifal seni ubud,,,1,,2
,,festival terbesar jawa timur,festibal terbesa jawa timur,1,,1,,2
,,Panduan perjalanan ke bali,pnaduan perajalanan ke bli,1,1,,1,1
,,lokasi atraksi debus banten,laokasi araksi debuss banten,1,2,,,1
,,Harga andong daerah malioboro,hraga andog deareh maliboro,2,,,2,0
,,rekomendasi pantai untuk peselancar,rekomendai pantai untuk pesenlancar,1,1,,,3
,,pariwisata. Budaya pulau lombok,pariwsata budaya pulau lomblok,1,1,,1,2
,,Harga tiket wisata malang,Hagra tiket wista malamg,1,1,1,1,1
,,Pembukaan Pesta Rakyat Trenggalek,pembukaan pesta ralyat ternggakek,,,2,1,2
,,Objek Wisata Tersembunyi Indonesia,obyek wista teresembunyi indonesia,1,1,1,,1
,,wisata edukasi tanah liat bojonegoro,wisata edukasi tanah luat bojnegro,2,,1,,2
,,Liburan romantis di Maladewa Indonesia,libruan romasntis di maldewaa indonesia,1,2,,,2
,,Harga tiket pesawat ke Labuan Bajo,hagra tikeet pesawat ke lanuan bajo,,1,1,1,3
,,pusat belanja kota bangdung,pusat blanja kta bandung,2,,,,2
,,Air Terjun Tumpak Sewu,ait trejun tumpak sewu,,,1,1,2
,,Pesona alam Sumatera Utara,psesona laam sumatra utara,1,1,,1,1
,,Harga sewa bus pariwisata bekasi,hagra sea bus parawisrata bekasi,1,1,,1,2
,,wisata indonesia favorit turis mancanegara,wisata indonesia favorit tirus macanegara,1,,2,,2
,,Destinasi wisata alam indonesia terbaru,desinasi wisataa alam indonesia terbaru,1,1,,,3
,,Wisata alam pemandangan indah,wisata alamp pemandangan indah,,1,,,3
,,Pantai eksotis surga liburan,pantai esktotik surga lubran,,,2,,2
,,Destinasi wisata budaya menarik,Dsetinasi wisata buudaya menarik,,1,,1,2
,,mejelajahi wisata lokal tersembunyi,menelajahi wisata local teresembunyi,1,1,1,,1
,,Temukan atraksi wisata menarik,Tenukan araksi wisata menarik,1,,1,,2
,,Eksplorasi wisata alam yang menakjubkan,Ekplorasi wisata alam yang menakjubkan,1,,,,5
,,mencicipi kuliner khas setiap daerah,mencicipi kulienr khas seyiap daerah,,,1,1,3
,,Harga akomodasi penginapan hotel semalam,Hargaa akomodasi penginapan hotel smalam,1,1,,,3
,,"Aktivitas layanan Pulau Komodo, Indonesia",aktivtas layanan pulau komodo indomesia,1,,1,,3
,,rute pendakian gunung arjuno pasuruan,rute pendakain gnung arjuno pasuruan,1,,,1,2
,,lokasi Museum seni modern Jakarta,loaksi musium seni modern jakarata,,1,,1,2
,,keindahan alam bawah laut papua,keindahan alam abawah laut papua,,1,,,4
,,rekomendasi hotel dengan fasilitas bintang lima,rekonedasi hotel dengan fasilitas bintamg lima,1,,2,,5
,,Liburan Edukatif Versi Tempat Bersejarah Indonesia,linuran edukatuf vers tempat bersejraah indonesia,1,,2,1,2
,,temukan tempat wisata unik yang menaritk,temuakn tempay wsaita unik yang menaraik,1,2,1,1,2
,,Jelajahi situs wisata sejarah jawa barat,jelajahi sitrus wisata sejarah jawa barat,,1,,,5
,,Suasana wisata kota tua malam hari ,suaasaa wisata kota taua mlaam hari,,2,1,2,3
,,Panorama sawah terasering yang memukau,Paonrama sawah terasiring yang memukau,,,1,1,3
,,kekayaan biota laut menakjubkan raja ampat,kekayan bioat laut menajubkan raja ampat,2,,,1,5
,,Rencana perjalanan melancong ke destinasi eksotis maluku,Rencana perjalanaan melacnong ke destinasi eksotis mluku,1,1,,1,5
,,rekomendasi tempat rekreasi favorit akhir pekan,rekomendais tempat rekereasi favorit akhir pekan,,1,,1,4
,,Adat istiadat dan tradisi suku Batak,Adat isiadat dan tardisi suku Batak,1,,,1,4
,,Tradisi makanan khas dalam perayaan tradisional,Taradisi makanan khas dalam perataan tradisional,,1,1,,4
,,Jajanan khas Indonesia yang wajib dicoba,Jajanan has Indonesia yang wajib dicoab,1,,,1,4
,,panduan menyelam dan eksplorasi keanekaragaman bawah laut,pandwan menyelam dan esplorasi keanekaraganam bwaah laut,,,2,1,3
,,Rencanakan liburan seru bersama keluarga di Bandung,rencakana luburan seru baresama kluraga di bandung,,2,2,1,3
,,Cari penginapan terdekat pantai untuk liburan laut,carii penginapan terdekat pantai untuk linuran luat,,1,1,1,4
,,Panduan kunjungan wisata ke Museum Fatahillah Jakarta,panduann kunjungan wisata ke museum Fatahilalh Jakatra,,1,,2,4
,,jelajahi kekayaan budaya Museum Manusia Purba Sangiran,jelajahi kekayaan budaya musium manusai pruba sangiran,,,1,2,5
,,Tiket pesawat promo untuk rencana wisata di Indonesia,tiket psawat promo untuk erncana wisata di indonseia,1,,,2,5
,,kolam renang dengan area spa batu malang,kolam renang dengan araen spa batu malang,,1,,1,5
,,"Pemandangan luar biasa Kawah Tangkuban Perahu, Bandung",pemandanagan ;ura biasa kawah tangkuban prahu bandung,2,1,,1,3
,,Penelitian bahari dalam pelestarian sumber daya laut.,penelitian bahasri dalam pelesatrain sumber daya alut,,2,,2,4
,,tempat melancong ke destinasi eksotis tersembunyi jarang dikunjungi,tempat melancong ke destinsai esotis teresembunyi janang dikunjungi,1,2,1,,4
,,Rekreasi musim panas yang ekonomis untuk remaja,rekerasi musim pamas yang ekonomis untuk remaja,,,1,1,5
,,Peran tradisi dalam membentuk identitas suatu negara,peran trasisi dalam membentuk identisa suatu negara,,,1,,5
,,Tradisi musik tradisional populer lampung dan diminati,tradisi musik tradisional pipuler lampung dan diminati,,,1,,6
,,Apa saja yang harus dipersiapkan untuk berkemah,apa saha yang ahrus dipersiapkan untuk berkemah,,,1,1,5
,,Daftar jajanan unik khas daerah Jawa Timur,daftra jajanan unik kahas daerah jawa timur,,1,,1,5
,,pameran seniman lokal dan internasional yang menginspirasi.,paeran seniman lokal dan intrenasional yang menginspirasi,1,,,1,5
,,informasi mengenai sejumlah rekomendasi tempat cocok untuk darmawisata,informasi mengenai sejumlah rekomendiasi tempat cocok untu dramawisata,1,1,,1,5
,,Destinasi wisata dengan panorama matahari terbenam Indonesia Timur,destnasi wisata dengan pnaorama matahari terbrenam indonesia timur,1,1,,1,5
,,Kolam renang eksklusif untuk rencana liburan di Yogyakarta,kolam renang eksklusig untuk rensca liburan di jogjakarta,,1,3,,6
,,Wisata kawah alam Pulau Sumatera yang wajib dikunjungi,wisata kawan alam pulau sumatra yang wajib dikungjunggi,1,1,1,,6
,,Ekspedisi bahari menyelidiki kekayaan laut dalam ekosistem laut,eskpedisi bahari menselidiki kekayaan laut dalam ekosistem laut,,,1,1,6
,,Bagaimana cara merencanakan perjalanan melancong menyenangkan serta berkesan,bagaimana cara merencanakanan perjalanan melancong menyengkan serta berkesan ?,2,2,,,6
,,rekomendasi pameran seni rupa hits terpopuler tahun ini,rekomendasi pameran seni rupq hist terpopuker tahun ini,,,2,1,5
,,berkemah Bisa Jadi Inspirasi Kegiatan Berlibur akhir pekan,berkemah bisa jadi inpirasi kegiatan berlibur ahir oekan,2,,1,,4
,,"Usir Bosan, Berkemah Kini Jadi Tren Wisata Baru Selama Pandemi","usir bosan, berkemag kini jadi trend wisata baru selama pandemi",,1,1,,8
,,Apa saja jajanan ringan yang cocok untuk perjalanan,apa saja janjanan rigan yang cocok untuk perjalanan,1,1,,,6
,,Cari resep jajanan tradisional Indonesia yang mudah dibuat?,cari resep tradisonal indoneisa yang mudah dibuat ?,1,,,1,6
,,"pariwisata unggulan Indonesia termasuk pantai, gunung, dan budaya lokal","pariwisata ungulan indonesia termasuk pantai, gunung, dan buadaya lokal",1,1,,,7
,,"Festival budaya Borobudur, Magelang: tradisi dan kebudayaan lokal","Festival bufaya borobudur, magelang : teradisi dan kebudayaan lokal",,1,1,,6
,,wisata pemandangan negeri diatas awan menakjubkan jawa timur,wisata pemandanagan negri diatas awan menakjubkan jawa timur,1,1,,,6
,,Cari tempat wisata budaya Indonesia yang belum banyak diketahui,cari tempat wisata budaya indonesia yang bekum bnayak diketahui,,,1,1,7
,,Rencana wisata ke Museum Kain Indonesia: Serba tentang kain,rencana wista ke museum kain indonseia sreba tentang kain,1,,,1,6
,,Rencana liburan: Museum Komodo Labuan Bajo sebagai tujuan wisata,Rencana linuran : Museum kodomo labuan bajo sebagai tujuan wisata,,,1,1,7
,,pesan Tiket pesawat wisata populer Indonesia dengan maskapai terpercaya,pesan tiket pesawat wista pupoler indonesia dengan maskapai tepercaya,2,,,1,6
,,Maskapai penerbangan favorit wisatawan untuk perjalanan ke destinasi wisata Indonesia,maskapai penerbagan favorit wisatawan untuk pejalanan ke destinasi wisata inonesia,3,,,,7
,,Pilihan maskapai penerbangan untuk perjalanan hemat ke destinasi wisata Indonesia,pilihan maskapai penerbagnan untuk perjalanan hemat ke distinasi wisata indonesia,,,1,1,8
,,Penelitian ilmiah tentang kehidupan bahari membantu memahami ekosistem laut,penelitian ilmiah tentang kedpupan bahari mwmbantu memahami eskosistem laut,,2,1,,6
,,rekomendasi tempat melancong eksotis untuk mengeksplorasi alam dan budaya unik,rekomendasi tempat melancong eksosis untuk mengekspolrasi alam dan budaya unik,,,1,1,8
,,berikan informasi mengenai jadwal pameran seni terbaru di kota surabaya,berikan infromasi mengenai jadal pemeran seni terbaru di kota surabaya,1,,1,1,7
,,Apakah ada pameran seni yang sedang berlangsung di bulan Januari?,apakah ada pamaren seni yang sedang berlangsung di bulam januarai,,1,1,1,9
,,Museum seni yang sering menjadi tempat rekreasi menarik inspriratif,musium seni yang sering menjadi tempat rekreasi menarik inpiratif,1,,1,,7
,,"saran Berkemah, Mulai dari Perencanaan hingga Lokasi yang Aman","saran beremah, mulai dari perencanaan hinga lokasi yang aman",2,,,,7
,,Rute pendakian gunung rinjani lombok beserta akmodasi yang diperlukan,Rute pendakinan gunung rinjani lobok beserta akmodasi yang diperlukan,2,,1,,6
,,terumbu karang dan keanekaragaman hayati laut yang memukau mata,trumbu karang dan keenakaragaman hayati laut yang memukau mata,1,,,1,7
,,,,65,59,62,59,382
,,,,Total,245,,,
